type,raw-type,words
tempo,"속도, 빠르기","쏜살같다, 미디움, 빠르다, 늦다, 엇박, 일정하다, 꾸준하다, 반복되다, 끊기다, 고조되다, 느리다, 박자, 속도, 주기적, 리듬"
"frequency
 (pitch)","주파수, 음높이","고음, 빈도, 높다, 높낮이, 음정, 낮다, 떨어지다, 진동, 저음, 중저음, 음역대, 폭, 톤"
tonality,"음조, 음악의 조화, 화음","조화롭다, 어울리다, 어우러지다, 음색, 화음, 알맞다, 자연스럽다, 선율, 조화"
"articulation
 /duration","연주, 지속시간","짧다, 스타카토, 줄어들다, 늘어지다, 길다, 길어지다, 짧아지다, 늘다, 처음, 초반, 중반부, 중간, 하이라이트, 끝, 마지막, 구간, 전체"
"timbre
 /harmonics","다양한, 풍성한 음색","다양해지다, 다양하다, 풍성하다"
loudness,음악의 크기,"커지다, 볼륨, 악센트, 크다, 포르테, 크레센도, 사운드, 소리, 작다, 강하다, 약하다, 웅장하다, 작아지다, 세다, 강도, 강약"
감각,시각,"어둑하다, 어둑해지다, 침침하다, 눈부시다, 훤하다, 밝다, 어둡다, 대조되다, 대비되다"
감각,시각,"그을리다, 파래지다, 시커멓다, 뽀얗다, 아이보리, 붉다, 하늘색, 밤색, 푸릇푸릇하다, 다채롭다, 푸르다, 연분홍, 뿌예지다, 푸른빛, 연두색, 파랑, 까만색, 핑크, 오렌지색, 살구색, 카키, 우윳빛, 구릿빛, 흑색, 백색, 살색, 바다색, 까맣다, 황금색, 푸르스름, 천연색, 보라색, 초록, 검정색, 투명하다, 빨간색, 파란색, 색감"
감각,시각,"드넓다, 멀다, 얄팍하다, 납작하다, 길쭉하다, 평평하다, 삐뚤다, 폭넓다, 광활하다, 삼각형, 대각선, 선, 깊다, 좁다, 넓다, 굵다, 굵직하다, 얕다, 가깝다, 커다랗다, 동그랗다, 원"
감각,시각,"즐비하다, 빽빽하다, 엷다, 촘촘히, 널널하다"
감각,청각,"짤랑이다, 시끌벅적하다, 재재하다, 꽥꽥대다, 앵앵대다, 콩콩대다, 듣다, 꿀렁이다, 청아하다, 문소리, 들었다, 쿵쿵거리다, 시끌시끌하다, 달그락거리다, 헐떡이다, 곡소리, 쨍하다, 잔잔하다, 목소리, 파다소리, 벨소리, 쿵쾅, 달팽이관, 들리다, 시끄럽다, 조용하다, 은은하다, 난잡하다, 퍼지다, 북소리, 발소리"
감각,후각,"꽃내음, 젖비린내, 냄새나다, 향기, 향기롭다"
감각,미각,"달짝지근하다, 시큼시큼하다, 씁쓰름하다, 비리다, 맛있다, 얼얼하다, 달다, 쫄깃하다, 쓴맛, 쫀득하다, 텁텁하다, 달콤하다, 짜다, 씁쓸하다, 맛깔나다, 담백하다, 달달하다"
감각,촉각,"욱씬하다, 따끔하다, 찌릿하다, 시리다, 아프다, 쓰라리다,"
감각,촉각,"탱탱하다, 땡땡하다, 거칠다, 번드럽다, 둔감하다, 몰캉몰캉하다, 뽀송하다, 매끈하다, 물렁하다, 둔하다, 촉촉하다, 푹신푹신하다, 마찰, 녹진거리다, 닿다, 단단하다, 간질간질하다, 부드럽다, 날카롭다"
감각,촉각,"뜨끔하다, 따끈하다, 포근하다, 뜨뜻하다, 쌀랑하다, 뜨겁다, 춥다, 화끈하다, 시원하다, 따스하다, 차갑다, 따듯하다"
동작,물리적,"부둥켜안다, 번쩍이다, 권하다, 쿨럭이다, 쏠다, 큰코다치다, 삐죽거리다, 쫓아내다, 시집가다, 노련하다, 질타받다, 짓누르다, 칭얼거리다, 쇠퇴하다, 뛰어나가다, 뛰어오다, 내보이다, 어줍다, 굽히다, 다가들다, 어지럽혀지다, 다리다, 찌푸리다, 메우다, 꾸짖다, 둘러싸다, 부둥키다, 농사짓다, 깁다, 패배하다, 우물거리다, 쫑긋하다, 바라보다, 스쳐보다, 휘청이다, 말짱하다, 둘러서다, 쥐어박다, 쏘이다, 붙잡히다, 쭈그리다, 뚫어지다, 얻어먹다, 맞먹다, 들여놓다, 훔치다, 넘어뜨리다, 노출하다, 쪼그리다, 파산하다, 날아들다, 서성거리다, 얼버무리다, 한눈팔다, 뒤척거리다, 자빠뜨리다, 옭아매다, 파헤치다, 썰다, 떠내려가다, 키득거리다, 힐끗거리다, 보살피다, 잡아내다, 껴안다, 떠나다, 만들다, 나오다, 찍다, 떨어트리다, 그리다, 토하다, 회피하다, 붙히다, 들썩거리다, 관두다, 읊다, 멈추다, 굽신거리다, 뒹굴거리다, 교류하다, 표류하다, 복종하다, 모이다, 풀리다, 빨다, 더럽히다, 밀어붙히다, 접다, 놀다, 탐색하다, 쪼그라들다, 쟁취하다, 쥐락펴락하다, 버리다, 보내다, 확보하다, 압수하다, 옮기다, 전염되다, 압축하다, 부딪히다, 깨지다, 벼르다, 마렵다, 긁다, 주다, 모방하다, 엮이다, 눕히다, 흐트러지다, 반발하다, 덮어놓다, 썩히다, 호명하다, 덮치다, 깨다, 날리다, 맞다, 만지다, 접촉하다, 터트리다, 거스르다, 낚다, 접히다, 박탈하다, 꿇리다, 꿈꾸다, 잡다, 바르다, 뺏기다, 부착하다, 엎다, 거르다, 묵히다, 넣다, 외우다, 강탈하다, 소문내다, 겨루다, 깜박이다, 배우다, 버둥거리다, 엮다, 취하다, 빠지다, 쏟다, 밟히다, 찾다, 눌리다, 쓰다, 떠오르다, 추다, 굴리다, 잃다, 패다, 먹다, 대피하다, 자숙하다, 퍼트리다, 보태다, 뻐근하다, 툴툴거리다, 싣다, 분주하다, 휘적거리다, 움츠리다, 비틀거리다, 택하다, 바쁘다, 낳다, 들락날락거리다, 헤치다, 부서지다, 뛰다, 삐끗하다, 밀치다, 나돌다, 찰랑거리다, 촐싹대다, 가로서다, 오르내리다, 투덜거리다, 쫓기다, 삼키다, 터지다, 엇갈리다, 흐르다, 웅얼거리다, 주다, 사다, 팽개치다, 짊어지다, 사귀다, 뒷받침하다, 쟁이다, 놓치다, 빼앗다, 추리다, 응원하다, 통기다, 갈무리하다, 잡아가다, 베끼다, 헤매다, 논의하다, 혼쭐나다, 꽂히다, 가물다, 변하다, 받다, 올리다, 본뜨다, 늘어서다, 다망하다, 가리어지다, 살랑대다, 바뀌다, 뭉치다, 올라오다, 닦달하다, 박수, 혹사하다, 훈계하다, 뭉개다, 헛소리하다, 분풀이하다, 괴롭히다, 우비다, 허기지다, 맹목적, 과장하다, 따내다, 손찌검, 일렁거리다, 매복하다, 구토하다, 꼽다, 둘러보다, 추천하다, 염탐하다, 색칠, 나오다, 버럭거리다, 웃음, 간파하다, 이어지다, 돌변하다, 착취하다, 바로잡다, 꼬드기다, 군림하다, 밀착하다, 거슬러오르다, 돌리다, 뜨다, 맺히다, 깨뜨리다, 꼬집다, 강화하다, 멸망하다, 앍다, 펼치다, 무디어지다, 찢다, 닿다, 치르다, 견디다, 박멸하다, 뽑다, 감기다, 트이다, 널리다, 번지다, 허덕거리다, 깔다, 수척하다, 얼빠지다, 비뚫어지다, 꾸부정하다, 수확, 빠뜨리다, 솟아오르다, 열람하다, 바느질하다, 안식, 역주행하다, 폭발하다, 유유상종하다, 뒷담화, 맞닥뜨리다, 단도직입하다, 독려하다, 등장하다, 단축하다, 경쟁하다, 헛구역질, 판단하다, 독점하다, 파견하다, 매수하다, 첨가하다, 낙찰하다, 누락하다, 발돋움하다, 화합하다, 복창, 연합하다, 부응하다, 표방하다, 과식하다, 만회하다, 교감하다, 탈색하다, 적립하다, 분열되다, 진술하다, 저축하다, 삿대질하다, 속박하다, 가르치다, 헛기침하다, 반복, 건강하다, 활동하다, 데려다주다, 벗어나다, 외면하다, 집어들다, 검색하다, 돌아가시다, 훔치다, 알아주다, 지나가다, 흥얼거리다, 잊혀지다, 이기다, 빠지다, 간직하다, 아끼다, 산책하다, 없어지다, 부탁하다, 지탱하다, 돌아가다, 붙잡다, 저지르다, 꺼내다, 숨쉬다, 만나다, 벌어지다, 화해하다, 악수하다, 흩날리다, 보내주다, 유행하다, 바라보다, 사라지다, 머무르다, 희미해지다, 이르다, 마시다, 앉아있다, 사과하다, 끊어지다, 공부하다, 노력하다, 실패하다, 날뛰다, 울고불고하다, 쏟아내다, 막히다, 몰아치다, 담겨있다, 끄덕이다, 무너지다, 고생하다, 낭비하다, 불어오다, 걷다, 떠나다, 쏟다, 떨리다, 얽히다, 걷다, 비비다, 도착하다, 따라하다, 그만하다, 불러일으키다, 유지하다, 마중나가다, 잠들다, 흩어지다, 모자라다, 후벼파다, 차오르다, 내뱉다, 스며들다, 헤어지다, 비판하다, 훼손하다, 기대다, 기다리다, 안아주다, 지우다, 금지하다, 서두르다, 어긋나다, 지키다, 뒷걸음치다, 집중시키다, 구입하다, 보채다, 떠돌다, 통보하다, 번역하다, 설치다, 감싸주다, 걸터앉다, 홍보하다, 덮다, 성공하다, 호강하다, 털어내다, 피다, 운전하다, 수정하다, 초월하다, 답장하다, 미어지다, 교체하다, 조절하다, 소화하다, 데뷔하다, 휩쓸다, 절규하다, 태어나다, 목격하다, 증명하다, 방치하다, 밝혀지다, 부활하다, 오열하다, 출시되다, 구성되다, 마주치다, 망가지다, 힘나다, 관통하다, 젖다, 물어보다, 외치다, 기절하다, 저물어가다, 연설하다, 흐느적거리다, 죽다, 부르짖다, 전율, 싸우다, 완치되다, 흥행하다, 쏟아지다, 돌려주다, 너스레, 시작하다, 치유하다, 저장하다, 스치다, 날아다니다, 따라오다, 따르다, 쫓다, 탐구하다, 흐물거리다, 움직이다, 들다, 맞추다, 방해하다, 눕다, 다가오다, 끊다, 전하다, 남다, 작동하다, 채우다, 불다, 나서다, 섞다, 말하다, 표시하다, 표출하다, 트다, 털다, 타다, 밀다, 일어나다, 찾아지다, 넘치다, 모으다, 가지다, 끌다, 녹다, 느끼다, 도망치다, 담다, 드러나다, 받치다, 찢어지다, 이루다, 위하다, 알리다, 살리다, 살다, 높이다, 찌르다, 맡다, 이글거리다"
동작,물리적,"자극시키다, 부풀리다, 두들기다, 사그라들다, 튕기다, 틀어놓다, 쳐보다, 흥얼거리다, 창작하다, 부르다, 지르다, 켜다, 폭발하다, 고조시키다, 표현하다, 쉬다, 웅장해지다, 감미롭다, 연주하다, 열창하다, 전달하다, 울리다, 증폭시키다, 녹음하다, 감상하다, 합창하다, 조절하다, 유발하다, 묘사하다, 연주되다, 튀다, 깔리다, 지르다, 때리다, 치다, 틀다, 끄다, 전달되다"
동작,심적,"방자하다, 인색하다, 순박하다, 벙벙하다, 간사하다, 대범하다, 마지못하다, 부러워하다, 공감하다, 잊히다, 생각나다, 헷갈리다, 어지럽다, 뻣뻣하다, 성실하다, 순응하다, 우습다, 혼동하다, 전전긍긍, 원만하다, 우러나오다, 학수고대하다, 나긋하다, 섣부르다, 능글맞다, 격려하다, 오지다, 성급하다, 방심하다, 박약하다, 비굴하다, 꺼림칙하다, 유약하다, 비열하다, 치밀하다, 파렴치하다, 어리숙하다, 집요하다, 졸렬하다, 유머러스하다, 도도하다, 예리하다, 순하다, 근엄하다 ,활발하다, 용맹하다, 미치다, 비겁하다, 탈진하다, 편하다, 기겁하다, 완곡하다, 우직하다, 방탕하다, 실성하다, 기고만장하다, 혼미하다, 억세다, 결연하다, 모르다, 알다, 겸손하다, 해탈하다, 다정다감하다, 과묵하다, 여유만만, 팔팔하다, 구차하다, 친절하다, 잔인하다, 순둥순둥하다, 대차다, 꼿꼿하다, 솔직하다, 냉혹하다, 야물다, 배은망덕하다, 불손하다, 시시콜콜, 평탄하다, 혹독하다, 정정당당, 당기다, 저릿하다, 까탈스럽다, 착실하다, 안이하다, 안일하다, 여리다, 극성, 느슨하다, 지조, 냉혈, 심술, 엉터리, 열렬하다, 탐욕스럽다, 질리다, 이해하다, 친하다, 사무치다, 익숙해지다, 지치다, 순수하다, 신경쓰이다 ,멍하다, 자책하다, 반하다, 철없다, 몰입하다, 천진난만하다, 단념하다, 깨닫다, 나약하다, 무기력하다, 무모하다, 잊다, 믿다, 명랑하다, 덤덤하다, 죽고싶다, 체념하다, 용서하다, 소홀하다, 무심하다, 매료되다, 곱씹다, 참다, 원하다, 거슬리다, 당당하다, 불편하다, 기대하다, 상상하다, 실감나다, 심취하다, 샘솟다, 고심하다, 결심하다, 짜릿하다, 정직하다, 간절하다, 바라다, 뻔뻔하다, 짖궂다, 심심하다, 추측하다"
속성,존재,"묵직하다, 크나크다, 빈약하다, 가녀리다, 튼튼하다, 가볍다, 무겁다, 둔중하다, 처지다"
속성,존재,"풍만하다, 다분하다, 그득하다, 많다, 가득하다, 포화, 소복하다, 무수히, 유일하다, 충만하다, 풍부하다, 적다"
속성,평가,"명료하다, 용이하다, 명쾌하다, 예스럽다, 유창하다, 열악하다, 별로, 괜찮다, 유용하다, 대박, 최고, 레전드, 천만다행, 간소하다, 드라마틱하다, 뚜렷하다, 어정쩡하다, 애매모호하다, 저명하다, 앳되다, 귀중하다, 정성스럽다, 만만하다, 믿음직하다, 어련하다, 교묘하다, 음란하다, 섹시하다, 심심찮다, 헛되다, 얄궂다, 불분명하다, 뜸하다, 완벽하다, 닮다, 각별하다, 무익하다, 무책임하다, 허무맹랑하다, 참신하다, 음탕하다, 확실하다, 이상하다, 신선하다, 덧없다, 엄청나다, 흔하다, 소중하다, 대단하다, 새롭다, 지독하다, 치열하다, 찬란하다, 성숙하다, 초라하다, 풋풋하다, 사랑스럽다, 한심하다, 생소하다, 생생하다, 최선, 색다르다, 처절하다, 짙다, 희한하다, 찌질하다, 선명하다, 애매하다, 특별하다, 희미하다, 낫다, 아깝다, 섬세하다, 아득하다, 어설프다, 서투르다, 뻔하다, 강렬하다, 화창하다, 사소하다, 번번하다, 꾀죄죄하다, 허름하다, 추레하다. 부실하다, 신기하다, 어색하다, 척박하다, 트렌디하다, 신속하다, 재빠르다, 잽싸다, 애잔하다"
속성,평가,"곱상하다, 아리땁다, 곱다, 아름답다, 예쁘다, 잘생기다, 단정하다, 세련되다, 깨끗하다, 청결하다, 젊다, 깔끔하다, 늙다, 귀엽다, 화려하다, 멋지다, 촌스럽다, 어리다, 싱그럽다, 빛나다, 맑다, 징그럽다, 끔찍하다, 밋밋하다, 고급스럽다, 매력적이다, 깔끔하다, 이쁘다, 무난하다, 우아하다"
속성,평가,"불평등하다, 공평하다, 월등하다, 평등하다, 균등하다, 유리하다, 치우치다, 판이하다, 특출하다, 빠듯하다, 묽다, 엔간하다, 다르다, 적당하다, 불공평하다, 비슷하다, 부족하다, 최우수, 똑같다, 비스무리, 견주다, 불공정하다, 흡사하다, 같다, 적절하다, 낫다, 비하다, 과하다, 상대적"
속성,평가,"그릇되다, 틀리다, 틀려먹다, 부적절하다, 적합하다, 부적합, 맞다, 아니다"
속성,평가,"쉽다, 손쉽다, 어렵다, 험난하다, 단순하다, 복잡하다"
속성,묘사,"영등포역, 노르웨이, 광운대, 상명대, 수원구장, 페루, 의정부, 화곡동, 필라델피아, 거제도, 신림, 잠실야구장, 동유럽, 신도림역, 서울대학교, 노량진, 장성, 함평, 경성대, 홋카이도, 삿포로, 세종시, 남이섬, 구로역, 부경대, 논현로, 시베리아, 잠실대교, 한남동, 이촌역, 이촌동, 동남아, 바티칸시국, 예루살렘, 문현동, 효목동, 신암동, 인도네시아, 맨하탄, 후쿠오카, 숭실대, 안양역, 시립대, 신천역, 베니스, 함흥, 롯데월드, 용산역, 순천시, 낙안면, 단원고, 아오지탄광, 교대역, 가천대, 헝가리, 금강산, 공주교대, 경포대, 김포, 동탄, 목동역, 건국대, 코엑스, 군자역, 대천해수욕장, 불국사, 포르투갔, 법성포, 울릉도, 텍사스, 양쯔강, 네덜란드, 군산, 압구정, 대동강, 싱가포르, 경상도, 계룡산, 국회의사당, 인하대, 경찰대, 몽촌토성, 캐리비안베이, 오키나와, 파리, 밀라노, 런던, 단국대, 전북대, 충청도, 춘천, 개화산, 대치역, 도곡동, 뉴욕, 베를린, 페르시아, 칠갑산, 익산시, 실리콘밸리, 헐리우드, 호남대, 전라북도, 하얼빈, 괴정동, 마포대교, 한강대교, 충주시, 말리부, 뭄바이, 몰디브, 노원역, 남춘천역, 북조선, 스웨덴, 마다가스카르, 우루과이, 수원역, 경주월드, 월스트리트, 두만강, 엠파이어스테이트, 마닐라, 헬싱키, 스톡홀름, 뚝섬, 청담역, 도미니카, 운남고, 청계천, 알래스카, 지중해, 일본, 경복궁, 나폴리, 담양, 세렝게티, 콜롬비아, 소래포구, 부산, 현충원, 미국, 버클리, 임진각, 경북, 태국, 고척돔, 대한민국, 리스본, 서울, 인천공항, 여수, 인천, 포항, 울산, 마산, 영종도, 통영, 대구, 캐나다, 영미권, 부평지하상가, 대전, 강릉, 베트남, 캄보디아"
속성,묘사,"추억, 글자, 위안, 절교, 진심, 존재, 인생, 드라마, 살인, 사실, 꿈속, 생일, 자리, 가방, 마스크, 도구, 휴지, 고향, 오아시스, 취향, 연락처, 인연, 번호, 약속, 축제, 새내기, 우여곡절, 고인, 명복, 수능, 엽떡, 면접, 알바, 돈, 인정, 노래방, 회사, 졸업, 클럽, 나이트, 취업, 심장, 무지개, 천재, 꼬리표, 우정, 한숨, 농담, 도전, 열정, 첫사랑, 이별, 사냥, 가슴앓이, 호흡, 숙제, 인사, 짝사랑, 허공, 아우성, 안부, 현실, 진상, 흔적, 예감, 랜덤, 염소, 고백, 수학여행, 발걸음, 전설, 학원, 집, 우상, 별명, 자습시간, 단골, 맥도날드, 광고, 컬러링, 폴더폰, 귓가, 결혼식, 진리, 활력소, 복학생, 금상청화, 극락, 문제, 인소, 유투브, 표지, 왼쪽, 오토바이, 급식, 빗자루, 남학생, 바보, 카페, 호프집, 첫인상, 투니버스, 만화, 엔딩, 기회, 대표, 외국어, 일본드라마, 반쪽, 욕, 배우, 자취방, 선풍기, 향수, 테라스, 타임머신, 사회인, 교육대학원, 레슨, 경계, 모순, 상충, 내면, 더위, 힐링, 교정기, 아이폰, 벨벳, 드라이브, 습관, 자전거, 무명, 인지도, 동아대, 포차, 맥주, 불꽃놀이, 휴가, 해수욕장, 호텔, 입학, 강아지, 등대, 미세먼지, 터미널, 여객선, 창문, 터널, 아날로그, 침대, 베란다, 영혼, 한일월드컵, 동화, 시, 소설, 악마, 아이돌, 장례식장, 백설공주, 마약, 꼬마, 훈련소, 조교, 숙취, 비련, 이불, 땀, 기교, 언덕, 정장, 괴물, 도토리, 목숨, 신천지, 수련회, 야구, 중계, 위문공연, 캐리어, 팬, 야자, 흑역사, 남중, 남고, 후유증, 테이프, 모티브, 여고생, 고속도로, 가로등, 펜스, 미술관, 통화, 전시회, 첫키스, 도서관, 공원, 열린음악회, 한국어, 뉘앙스, 삼각관계, 데이트, 장소, 하모니카, 배드민턴, 어장, 물고기, 맛집, 버스, 교관, 캠퍼스, PC방, 스테디셀러, 텐트, 캠핑, 불륜, 교실, 개학, 근황, 우유, 독서실, 그룹, 홍대, 청혼, 솜사탕, 간첩, TV, 기적, 보물, 등교, 개그맨, 버스킹, 유치원, 우연, 그대, 프로포즈, 우산, 창고, 깃발, 방언, 은행나무, 페이지, 기승전결, 명치, 궤도, 롤리팝, 치즈, 주식, 암, 돈키호테, 공무원, 짝꿍, 합격, 거짓, 변호사, 희생, 고래, 돌고래, 새우, 밍크고래, 코로나, 피디, 전환, 소녀, 환호, 노스텔지어, 가죽자켓, 학예회, 시계, 아이스크림, 미스터리, 영원, 에버랜드, 비행기, 셔츠
 에스컬레이터, 빚쟁이, 선거운동, 일제시대, 여객선, 물풍선, 고무줄, 섬유유연제, 봄꽃, 비포장도로, 병문안, 소음공해, 수묵화, 학살, 신바람, 나비, 햄토리, 하늘, 심호흡, 고층전망대, 청춘, 고시촌, 헛간, 뱃사공, 뇌물, 엘리베이터, 거리공연, 구조조정, 실직, 실업, 찻집, 쉐프, 폐렴, 폐허, 책방, 주택가, 외갓집, 강강수월래, 커피가게, 진공, 반딧불, 루돌프, 겨울, 크리스마스이브, 크리스마스, 솔로, 백합, 전학생, 하숙집, 겨울잠, 진돗개, 제사날, 주정뱅이, 벚꽃놀이, 수술실, 대가족, 문화재, 자동차극장, 파출소, 함박눈, 하루살이, 수료식, 연못, 카푸치노, 캡사이신, 조선소, 물줄기, 설원, 스타벅스, 숲, 제비꽃, 수채화, 시냇물, 징검다리, 대나무, 기왓집, 언덕길, 쪽잠, 배낭여행, 탐험, 기차역, 촬영현장, 올레길, 숨바꼭질 얼음땡, 다방구, 둘레길, 연주회, 주유소, 이자카야, 새해인사, 종이배, 고려시대, 공공장소, 흙, 평창올림픽, 우박, 중생대, 신생대, 비치발리볼, 축구장, 발렌타인데이, 보름달, 정월대보름, 벚나무, 프리지아, 새벽, 읍내, 비상구, 드라이브, 대학병원, 나이트클럽, 치통, 토크쇼, 별, 신문지, 하이파이브, 폭포, 메두사, 이발소, 헬기, 출판사, 벼농사, 사이렌, 파도풀, 트램폴린, 승강장, 영화제, 풍차, 조각배, 뱃길, 약수터, 아이스링크, 정거장, 풋볼, 핵폭탄, 열대우림, 층간소음, 로마시대, 통일전망대, 헬스장, 코리아타운, 여행, 허리케인, 고향길, 무중력, 펜트하우스, 수족관, 담벼락, 해적선, 스무고개, 고아원, 우물, 물소, 초승달, 유토피아, 녹색지대, 크루즈선, 타향살이, 한파, 일출, 욕실, 타워, 빙산, 치한, 눈물, 배, 육지, 부메랑, 투썸플레이스, 자갈길, 송년회, 친구, 오두막, 밤거리, 한의원, 잿더미, 쿠데타, 불가사리, 우주비행, 장애물, 사이비, 국경, 제삿날, 졸업여행, 관광, 광복절, 허니문, 유람선, 뒷골목, 할리스, 꽃놀이, 부엌, 장염, 공중전화, 납골당, 혼밥, 백색소음, 별장, 볼링장, 국밥집, 늦더위, 발코니, 유성우, 오물, 악취, 진공상태, 환갑잔치, 불나방, 잠꼬대, 실험실, 팬사인회, 정상회담, 재입대, 재개발, 벽난로, 웨딩, 전기장판, 일제강점기, 독립운동, 빙하시대, 광합성, 피크닉, 목장, 중세시대, 법당, 친선경기, 진실게임, 구석기시대, 관제탑, 단짝, 갈림길, 추모식, 삼일절, 현충일, 잠수함, 풀밭, 부친상, 패러글라이딩, 아이스하키, 쇼트트랙, 익스트림스포츠, 불사조, 초상집, 교차로, 히치하이킹, 헬리콥터, 핫케이크, 셜록홈즈, 한라봉, 가톨릭, 엉덩방아, 구역질, 야간비행, 세계대전, 폴라로이드, 부처, 하이킹, 초소, 폐업, 암살, 스웨터, 심리치료, 명상, 눈썹달, 산성비, 조선소, 개나리, 진달래, 항해, 물결, 사퇴, 난동, 화염, 취객, 징역, 수감, 인파, 애인, 웃음꽃, 꼭두새벽, 부뚜막, 북극성, 푸대접, 코스모스, 골프, 축하, 출발, 역도, 군대, 망원경, 망부석, 횃불, 아침, 점심, 단풍나무, 동백꽃, 파란만장, 텔레비전, 썰매, 참새, 전남편, 외숙모, 자업자득, 투명인간, 콧물, 보따리, 반달곰, 꼭대기, 건널목, 팬레터, 암호, 내리막, 취임식, 마천루, 눈싸움, 목격자, 대중교통, 나팔꽃, 시어머니, 조퇴, 건너편, 선인장, 우편물, 피겨스케이팅, 딸꾹질, 집착, 발각, 만개, 혼수상태, 출근시간, 영웅신화, 바둑, 난항, 시댁, 사진기, 뮤지컬영화, 백년손님, 약골, 속수무책, 골칫거리, 풍전등화, 파이팅, 춘추전국시대, 카펫, 모노레일, 질식, 초침, 보험, 전자공학, 스펀지밥, 일심동체, 국가고시, 원고지, 시장, 생물학, 담배, 커피잔, 잠, 각막, 장기매매, 장화홍련, 경조사, 만고불변, 실직자, 크리스천, 연애, 알러지, 터미네이터, 유대, 지배자, 뉴트리아, 천연기념물, 몽타주, 소름, 락스, 오골계, 전당포, 불화, 식목일, 이비인후과, 기차표, 협객, 불행, 심부름, 허기, 개인주의, 무제한, 새치기, 트렌치코트, 어렴풋, 근위병, 검찰, 백신, 영원불변, 건축학, 진행자, 무기징역, 악귀, 방망이, 정평, 애완동물, 영화감독, 대동맥, 방청객, 폭주기관차, 세로토닌, 부리나케, 보조개, 아나운서, 엔지니어, 초보자, 의료, 이야기, 지구대, 사막여우, 조명, 심령사진, 큰아버지, 기성세대, 심장병, 강촌, 악연, 교통카드, 축구공, 편지지, 글씨체, 후일담, 수탉, 이성애, 졸업생, 농구부, 침구, 그물, 팔짱, 떼거지, 바비인형, 재건축, 술래잡기, 모래알, 출세, 임플란트, 운세, 물고기, 고량주, 어리광, 인심, 맞은편, 도자기, 경험, 세탁기, 반려자, 알맹이, 목마름, 호러영화, 경영학, 교육학, 컴퓨터공학, 겨울, 개막식, 중학교, 적반하장, 대하드라마, 서약, 우체통, 운항, 승용차, 심근경색, 중환자실, 항공, 고지혈증, 맨홀, 방어기제, 수상소감, 나일론, 판타지영화, 평행이론, 유명인, 줄타기, 히키코모리, 폭등, 사슴, 조울증, 고인돌, 특효약, 멜빵, 해양, 기념품, 갓난아기, 지정석, 얼떨결, 경찰서, 동문, 식사, 열쇠, 흥부, 엄지손가락, 꽃신, 신기록, 글짓기, 경제, 장례, 심폐소생, 삼강오륜, 붕우유신, 기독교, 주기도문, 사도신경, 힌두교, 톱스타, 폐장, 계엄령, 묵념, 정신분열, 이열치열, 물구나무, 물난리, 말괄량이, 붕괴, 파벌, 폐기물, 방울뱀, 상술, 권선징악, 심리학자, 아프로디테, 희망고문, 격차, 뻐꾸기, 둥지, 약혼녀, 인신공격, 천차만별, 라임오렌지나무, 성악설, 곤충, 꼴뚜기, 중간지점, 폭격기, 팔굽혀펴기, 대걸레, 밀대, 중형차, 동남쪽, 수문, 폭탄머리, 사지절단, 회고록, 풍뎅이, 징글벨, 산타할아버지, 개밥그릇, 붕대, 룸메이트, 선전포고, 독재, 벙거지, 무역, 전용기, 박치기, 대형견, 리트리버, 골키퍼, 폭주족, 동서, 티익스프레스, 혈관, 전과자, 경제학, 만장일치, 외무고시, 꽁지머리, 월화드라마, 코브라, 유리컵, 애국자, 뻥튀기, 스티커사진, 늑대인간, 그림판, 솜방망이, 남녀평등, 영양가, 민주주의, 유니콘, 빛, 걸스카우트, 조강지처, 체육부, 청소기, 진공관, 유산균, 화폐, 해독제, 예술제, 각도기, 세무사, 쭈꾸미, 뭉탱이, 악당, 청소부, 세일러문, 난독, 비례, 포경수술, 뺑소니, 새끼손가락, 스프레이, 미러볼, 필수품, 착오, 남북분단, 도화선, 방탄헬멧, 카운트다운, 종합예술, 벼락치기, 나그네, 가마, 결승선, 사직서, 숙원, 파장, 각성제, 사무라이, 백상아리, 청상아리, 철조망, 고속, 저속, 농협, 탈덕, 중고차, 카메라맨, 회계사, 군락, 원자로, 흉기, 톨스토이, 탈북자, 민주공화국, 경찰차, 미국시민, 바디랭귀지, 아킬레스건, 치과의사, 키스마크, 봉변, 로스쿨, 행정고시, 임용고시, 보건복지부, 간접흡연, 수류탄, 혼인신고, 마지막, 게으름뱅이, 끈기, 얼간이, 목청, 지휘붕, 수출, 폭탄주, 로션, 선장, 두목, 희롱, 예언가, 사진작가, 요리사, 황소, 체육복, 와인잔, 월요병, 벌꿀, 난관, 대칭, 능구렁이, 다단계, 원수, 무신론자, 디지털, 언약, 장사꾼, 최전선, 디저트, 딱따구리, 양치질, 모니터링, 지팡이, 주름살, 아미타불, 포세이돈, 큐피트, 아폴론, 명품시계, 돌아이, 실업자, 식탁보, 비키니, 미꾸라지, 전자기기, 피부병, 사서함, 로맨스소설, 국정원, 필라테스, 건축물, 무장해제, 개똥벌레, 수의사, 해바라기씨, 후추, 평행선, 뉴스, 고추잠자리, 증명사진, 밤, 하이틴스타, 미국영화, 로맨틱코미디, 심슨가족, 엘리트, 나뭇가지, 검정고시, 감나무, 이중인격, 주객전도, 저혈압, 해바라기, 라디오, 시절, 온기, 위로, 전부, 길거리, 기억, 각인, 의자, 물, 직관, 역량, 마음, 초딩, 종결, 입문, 상징, 배우, 일상, 기도, 싸이월드, 파도타기, 명불허전, 중학생, 아픔, 혼자, 입, 작가
 아빠, 엄마, 부모님, 연인, 언니, 여성, 동반자, 아들, 딸, 전남친, 여친, 남편, 남자, 고딩, 남자친구, 아내, 선배, 선생님, 동년배, 오빠, 소꿉친구, 와이프, 가족, 후배, 너, 그대
 후반, 지난날, 엊그제, 계절, 금요일, 밤, 새벽, 학창시절, 여름, 평생, 세월, 겨울, 주말, 아침, 청춘, 초딩, 중딩, 과거, 밤, 일주일, 초여름, 세대, 중년, 전성기, 실시간, 초반, 중반, 리즈시절, 옛날, 마지막, 작년, 봄, 낮, 스무살, 올해, 성장기, 사춘기, 사계절, 처음, 입추, 토요일, 모레, 연말, 새해, 월요일, 저녁, 동틀녘, 성인, 어른, 초저녁, 성인, 한여름
 찬양, 폭풍, 모험, 실험, 휴식, 바닷가, 자동차, 대화, 엔진, 호숫가, 물방울, 각오, 신조, 군중, 다짐"
속성,묘사,"오순도순, 까불까불, 흐물흐물, 호락호락, 모락몝락, 샤방샤방, 올망졸망, 흐물흐물, 아릿아릿, 몰랑몰랑, 둥글둥글, 보들보들, 동글동글, 야들야들, 까끌까끌, 덕지덕지, 펄럭펄럭, 덜렁덜렁, 자박자박, 쩌렁쩌렁, 둥실둥실, 첨벙첨벙, 벌렁벌렁, 절레절레, 뽀득뽀득, 듬뿍, 부글부글, 보슬보슬, 울멍울멍, 조곤조곤, 너덜너덜, 더듬더듬, 아득바득, 물끄러미, 구깃구깃, 끄적끄적, 쉬엄쉬엄, 대충대충, 퍼뜩퍼뜩, 생글생글, 쭈뼛쭈뼛, 흐지부지, 새근새근, 파들파들, 송골송골, 옥신각신, 절뚝절뚝, 웅성웅성, 빙글뱅글, 꼬물꼬물, 싱글벙글, 바글바글, 꾸벅꾸벅, 고분고분, 싱숭생숭, 시들시들, 몽실몽실, 게슴츠레, 콩닥콩닥, 살살, 스르륵, 물밀듯이, 뚜벅뚜벅, 비스듬히, 타박타박, 뺑뺑, 또박또박, 비틀비틀, 찡긋, 피식, 반짝반짝, 두근두근, 들쭉들쭉, 새록새록, 둥둥, 탱탱, 쏙쏙, 아기자기, 빵빵, 끄덕, 꿈틀꿈틀, 중얼중얼, 줄줄, 솔솔"
속성,묘사,"벚꽃잎, 바다, 잎사귀, 모래, 첫눈, 싸락눈, 만년설, 산속, 강변, 호수, 하늘, 바위, 햇빛, 불꽃, 세상, 지평선, 풀, 산맥, 바람, 구름, 모래사장, 공기, 별빛, 파도, 천국, 태양, 노을, 번개, 우주, 장마, 먹구름, 벚꽃, 숲"
속성,묘사,"호젓하다, 썰렁하다, 오붓하다, 으스스하다, 냉랭하다, 무르익다, 살벌하다, 저돌적, 스산하다, 평화롭다, 비현실적, 오싹하다, 농염하다, 청량하다, 적적하다, 섹슈얼하다, 정겹다, 흥겹다, 쓸쓸하다, 로맨틱하다, 아련하다, 기이하다, 무미건조하다, 위태롭다, 고리타분하다, 심각하다, 야릇하다, 우중충하다, 막막하다, 야하다, 조약하다, 열성적, 서정적, 선선하다, 몽환, 로맨스, 환상적, 마법같다, 낭만적, 처연하다, 묘하다, 자유롭다, 경쾌하다, 삭막하다, 고요하다, 상쾌하다, 나른하다, 오묘하다, 극적, 구슬프다, 미묘하다, 평온하다, 공포, 희망적, 차분하다, 섬칫하다, 미련, 절절하다, 고독, 공허하다, 긍정적, 극단적, 역동적, 안정적, 감정적, 침착, 여유, 생동감, 생기, 가변적"
속성,묘사,"탭댄스, 브레이크댄스, 벨리댄스, 국민체조, 퍼포먼스, 멜빵춤, 댄스, 댄스배틀, 엉덩이춤, 춤판, 락킹, 비보잉, 살사, 봉춤, 전통무용, 곡예사, 왈츠, 오디션, 동작, 몸짓, 춤사위, 몸, 온몸"
속성,묘사,"멜로디, 코러스라인, 듀엣곡, 원곡, 리메이크곡, 인트로곡, 리믹스, 모음곡, 떼창, 스트리밍, 앨범차트, 편곡, 비발디, 음악차트, 벌스, 믹스테이프, 훅, 앨범, 중창, 믹싱, 딕션, 음표, 플레이리스트, 다단조, 음악세계, 턴테이블, 바이닐, OST, 곡, 이중창, 화성악, 음향사고, 노래, 뱅앤올룹슨, 정규음반, 성악가, 저작권, 악곡, 명곡, 가사, 타이틀, 보이스, 버전, 예약판매, 발매, 음원, 띵곡, 플레이어, CD, 곡명, 신곡, 재생, 뮤직비디오, 방송, 영상, 후렴구, 배경음악, 트랙, 작곡, 전주, 도입부, 펀치라인, 차트, 호소력, 선율, 장르, 가창, 작사, 이어폰, 완창, 노랫말, 바이브레이션, 정식음반, 보컬, 반주, 명반, 음향, 애창, 악보, 간주, 창법, 표절, 브릿지, 코드, 메들리, 클라이막스, 리스너, 가창력, 피쳐링, 성대, 에어팟, 버즈, 브금, 삽입곡, 프로듀싱, 플로우, 샘플링, 튜닝, 작업, 2중주, 공백, 세밀, 싱크, 미세, 포인트, 매칭, 패턴, 신호, 강조, 임팩트, 파트"
속성,묘사,"영화음악, 씨엠송, 락, 하모닉스, 랩, 캐롤, 힙그루브, 팝음악, 싱잉랩, 스윙재즈, 군가, 제이팝, 뉴트로팝, 캐논, 성가곡, 경음악, 종교음악, 흑인음악, 대학가요, 샹송, 터키행진곡, 뱃노래, 클래식, 컨트리음악, 일렉트로닉, 황조가, 발라드, 오케스트라, 축가, 실용음악, 자장가, 인디음악, 어쿠스틱, 응원가, 찬송가, 오페라"
속성,묘사,"우쿨렐레, 해금, 관현악, 케스터네츠, 단소, 리듬기타, 태평소, 타악기, 목관악기, 클래식기타, 신디사이저, 실로폰, 피아노, 마이크, 바이올린, 일렉기타, 드럼, 베이스, 콘트라베이스, 카세트, 리코더, 악기, 스피커, 우퍼, 디바이스, 북, 현악기, 관악기, 트럼펫, 심벌즈"
속성,묘사,"벅스뮤직, 음악실, 아이튠스, 가라오케, 스포티파이, 단독콘서트, 골든디스크, 락페스티벌, 콘서트, 가수, 밴드, 공연, 아티스트, 엠넷, 싱어송라이터, 뮤지션, 가요대전, 방송사, 대학가요제, 공연장"